Kategorie;Alter Klassenname;Neuer Klassenname;Pfad;Alte Methode;Neue Methode;Rückgabetyp
Sonstiges;AenderungBean;AenderungController;controller/AenderungBean;getAnzahlKi;holeAnzahlKi;int
Sonstiges;AenderungBean;AenderungController;controller/AenderungBean;getBerichtMannschaft;holeBerichtMannschaft;String
Sonstiges;AenderungBean;AenderungController;controller/AenderungBean;getBerichtText;holeBerichtText;String
Sonstiges;AenderungBean;AenderungController;controller/AenderungBean;getBerichtTextNeu;holeBerichtTextNeu;Spielbericht
Sonstiges;AenderungBean;AenderungController;controller/AenderungBean;getDatum;holeDatum;String
Sonstiges;AenderungBean;AenderungController;controller/AenderungBean;getErgebnis;holeErgebnis;String
Sonstiges;AenderungBean;AenderungController;controller/AenderungBean;getErgebnisLink;holeErgebnisLink;String
Sonstiges;AenderungBean;AenderungController;controller/AenderungBean;getFrageAusgabe;holeFrageAusgabe;String
Sonstiges;AenderungBean;AenderungController;controller/AenderungBean;getFreierBericht;holeFreierBericht;boolean
Sonstiges;AenderungBean;AenderungController;controller/AenderungBean;getGast;holeGast;String
Sonstiges;AenderungBean;AenderungController;controller/AenderungBean;getHeim;holeHeim;String
Sonstiges;AenderungBean;AenderungController;controller/AenderungBean;getInfo;holeInfo;String
Sonstiges;AenderungBean;AenderungController;controller/AenderungBean;getLiga;holeLiga;String
Sonstiges;AenderungBean;AenderungController;controller/AenderungBean;getSpielErgebnis;holeSpielErgebnis;String
Sonstiges;AenderungBean;AenderungController;controller/AenderungBean;getUeberschrift;holeUeberschrift;String
Sonstiges;AenderungBean;AenderungController;controller/AenderungBean;getUuid;holeUuid;String
Sonstiges;AenderungBean;AenderungController;controller/AenderungBean;getVereinnr;holeVereinnr;String
Sonstiges;AenderungBean;AenderungController;controller/AenderungBean;isHttpLink;istHttpLink;boolean
Sonstiges;AenderungBean;AenderungController;controller/AenderungBean;isIstHeim;istIstHeim;boolean
Sonstiges;AenderungBean;AenderungController;controller/AenderungBean;isSpielplan;istSpielplan;boolean
Sonstiges;AenderungBean;AenderungController;controller/AenderungBean;setBerichtMannschaft;setzeBerichtMannschaft;void
Sonstiges;AenderungBean;AenderungController;controller/AenderungBean;setBerichtText;setzeBerichtText;void
Sonstiges;AenderungBean;AenderungController;controller/AenderungBean;setBerichtTextNeu;setzeBerichtTextNeu;void
Sonstiges;AenderungBean;AenderungController;controller/AenderungBean;setDatum;setzeDatum;void
Sonstiges;AenderungBean;AenderungController;controller/AenderungBean;setErgebnis;setzeErgebnis;void
Sonstiges;AenderungBean;AenderungController;controller/AenderungBean;setErgebnisLink;setzeErgebnisLink;void
Sonstiges;AenderungBean;AenderungController;controller/AenderungBean;setFrageAusgabe;setzeFrageAusgabe;void
Sonstiges;AenderungBean;AenderungController;controller/AenderungBean;setGast;setzeGast;void
Sonstiges;AenderungBean;AenderungController;controller/AenderungBean;setHeim;setzeHeim;void
Sonstiges;AenderungBean;AenderungController;controller/AenderungBean;setIstHeim;setzeIstHeim;void
Sonstiges;AenderungBean;AenderungController;controller/AenderungBean;setLiga;setzeLiga;void
Sonstiges;AenderungBean;AenderungController;controller/AenderungBean;setSpielErgebnis;setzeSpielErgebnis;void
Sonstiges;AenderungBean;AenderungController;controller/AenderungBean;setUeberschrift;setzeUeberschrift;void
Sonstiges;AenderungBean;AenderungController;controller/AenderungBean;setUuid;setzeUuid;void
Sonstiges;AenderungBean;AenderungController;controller/AenderungBean;setVereinnr;setzeVereinnr;void
Sonstiges;AenderungBean;AenderungController;controller/AenderungBean;spielplanAnzeige;zeigeSpielplan;void
Sonstiges;BerichtBean;BerichtController;controller/BerichtBean;bildLoeschen;loescheBild;void
Sonstiges;BerichtBean;BerichtController;controller/BerichtBean;emailSenden;sende_Email;void
Sonstiges;BerichtBean;BerichtController;controller/BerichtBean;getBerichtText;holeBerichtText;String
Sonstiges;BerichtBean;BerichtController;controller/BerichtBean;getBildUnterschrift;holeBildUnterschrift;String
Sonstiges;BerichtBean;BerichtController;controller/BerichtBean;getBildUrl;holeBildUrl;String
Sonstiges;BerichtBean;BerichtController;controller/BerichtBean;getCcEmpfaenger;holeCcEmpfaenger;String
Sonstiges;BerichtBean;BerichtController;controller/BerichtBean;getDatum;holeDatum;String
Sonstiges;BerichtBean;BerichtController;controller/BerichtBean;getErgebnis;holeErgebnis;String
Sonstiges;BerichtBean;BerichtController;controller/BerichtBean;getErgebnisLink;holeErgebnisLink;String
Sonstiges;BerichtBean;BerichtController;controller/BerichtBean;getGast;holeGast;String
Sonstiges;BerichtBean;BerichtController;controller/BerichtBean;getGenerateBerichtUrl;holeGenerateBerichtUrl;String
Sonstiges;BerichtBean;BerichtController;controller/BerichtBean;getGenerateBerichtUrlFreigegeben;holeGenerateBerichtUrlFreigegeben;String
Sonstiges;BerichtBean;BerichtController;controller/BerichtBean;getGenerateBerichtUrlLink;holeGenerateBerichtUrlLink;String
Sonstiges;BerichtBean;BerichtController;controller/BerichtBean;getHeim;holeHeim;String
Sonstiges;BerichtBean;BerichtController;controller/BerichtBean;getInBearbeitung;holeInBearbeitung;boolean
Sonstiges;BerichtBean;BerichtController;controller/BerichtBean;getKiRueckgabe;holeKiRueckgabe;String
Sonstiges;BerichtBean;BerichtController;controller/BerichtBean;getLiga;holeLiga;String
Sonstiges;BerichtBean;BerichtController;controller/BerichtBean;getName;holeName;String
Sonstiges;BerichtBean;BerichtController;controller/BerichtBean;getResizedImage;holeResizedImage;String
Sonstiges;BerichtBean;BerichtController;controller/BerichtBean;getSpielErgebnis;holeSpielErgebnis;String
Sonstiges;BerichtBean;BerichtController;controller/BerichtBean;getToEmpfaenger;holeToEmpfaenger;String
Sonstiges;BerichtBean;BerichtController;controller/BerichtBean;getUeberschrift;holeUeberschrift;String
Sonstiges;BerichtBean;BerichtController;controller/BerichtBean;getUploadedBild;holeUploadedBild;Part
Sonstiges;BerichtBean;BerichtController;controller/BerichtBean;getUuid;holeUuid;String
Sonstiges;BerichtBean;BerichtController;controller/BerichtBean;getVereinnr;holeVereinnr;String
Sonstiges;BerichtBean;BerichtController;controller/BerichtBean;isAnzFreigabe;istAnzFreigabe;boolean
Sonstiges;BerichtBean;BerichtController;controller/BerichtBean;isEmail;istEmail;boolean
Sonstiges;BerichtBean;BerichtController;controller/BerichtBean;isHistorienTimestamps;istHistorienTimestamps;boolean
Sonstiges;BerichtBean;BerichtController;controller/BerichtBean;isHttpLink;istHttpLink;boolean
Sonstiges;BerichtBean;BerichtController;controller/BerichtBean;isKi;istKi;boolean
Sonstiges;BerichtBean;BerichtController;controller/BerichtBean;isSpielplan;istSpielplan;boolean
Sonstiges;BerichtBean;BerichtController;controller/BerichtBean;korrektur;korrigiere;void
Sonstiges;BerichtBean;BerichtController;controller/BerichtBean;navigateToBerichtKI;navigationZuKI_Bericht;String
Sonstiges;BerichtBean;BerichtController;controller/BerichtBean;setBerichtText;setzeBerichtText;void
Sonstiges;BerichtBean;BerichtController;controller/BerichtBean;setBildUnterschrift;setzeBildUnterschrift;void
Sonstiges;BerichtBean;BerichtController;controller/BerichtBean;setKiRueckgabe;setzeKiRueckgabe;void
Sonstiges;BerichtBean;BerichtController;controller/BerichtBean;setKiSaetze;setzeKiSaetze;void
Sonstiges;BerichtBean;BerichtController;controller/BerichtBean;setLiga;setzeLiga;void
Sonstiges;BerichtBean;BerichtController;controller/BerichtBean;setName;setzeName;void
Sonstiges;BerichtBean;BerichtController;controller/BerichtBean;setResizedImage;setzeResizedImage;void
Sonstiges;BerichtBean;BerichtController;controller/BerichtBean;setSpielplan;setzeSpielplan;void
Sonstiges;BerichtBean;BerichtController;controller/BerichtBean;setUeberschrift;setzeUeberschrift;void
Sonstiges;BerichtBean;BerichtController;controller/BerichtBean;setUploadedBild;setzeUploadedBild;void
Sonstiges;BerichtBean;BerichtController;controller/BerichtBean;setUuid;setzeUuid;void
Sonstiges;BerichtBean;BerichtController;controller/BerichtBean;setVereinnr;setzeVereinnr;void
Sonstiges;BerichtBean;BerichtController;controller/BerichtBean;spielHtmlLesen;spielHTML_Lesen;void
Sonstiges;BerichtBean;BerichtController;controller/BerichtBean;spielplanAnzeige;zeigeSpielplan;void
Sonstiges;BerichtBean;BerichtController;controller/BerichtBean;stripHtmlWithJsoup;entferneHTML;String
Sonstiges;BerichtBean;BerichtController;controller/BerichtBean;verbessernKI;verbessereKI_Bericht;void
Sonstiges;BerichtkiBean;KI_BerichtController;controller/BerichtkiBean;getAnzahlKi;holeAnzahlKi;int
Sonstiges;BerichtkiBean;KI_BerichtController;controller/BerichtkiBean;getBerichtIndex;holeBerichtIndex;int
Sonstiges;BerichtkiBean;KI_BerichtController;controller/BerichtkiBean;getBerichtMannschaft;holeBerichtMannschaft;String
Sonstiges;BerichtkiBean;KI_BerichtController;controller/BerichtkiBean;getBerichtgroesse;holeBerichtgroesse;int
Sonstiges;BerichtkiBean;KI_BerichtController;controller/BerichtkiBean;getBesondereVorkommnisse;holeBesondereVorkommnisse;String
Sonstiges;BerichtkiBean;KI_BerichtController;controller/BerichtkiBean;getBilanzUrl;holeBilanzUrl;String
Sonstiges;BerichtkiBean;KI_BerichtController;controller/BerichtkiBean;getDatum;holeDatum;String
Sonstiges;BerichtkiBean;KI_BerichtController;controller/BerichtkiBean;getErgebnis;holeErgebnis;String
Sonstiges;BerichtkiBean;KI_BerichtController;controller/BerichtkiBean;getErgebnisLink;holeErgebnisLink;String
Sonstiges;BerichtkiBean;KI_BerichtController;controller/BerichtkiBean;getErsetzungen;holeErsetzungen;String
Sonstiges;BerichtkiBean;KI_BerichtController;controller/BerichtkiBean;getFormatBerichte;holeFormatBerichte;String
Sonstiges;BerichtkiBean;KI_BerichtController;controller/BerichtkiBean;getFrage;holeFrage;String
Sonstiges;BerichtkiBean;KI_BerichtController;controller/BerichtkiBean;getFrageAusgabe;holeFrageAusgabe;String
Sonstiges;BerichtkiBean;KI_BerichtController;controller/BerichtkiBean;getFreiMannschaft;holeFreiMannschaft;String
Sonstiges;BerichtkiBean;KI_BerichtController;controller/BerichtkiBean;getFreiPrompt;holeFreiPrompt;String
Sonstiges;BerichtkiBean;KI_BerichtController;controller/BerichtkiBean;getFreierBericht;holeFreierBericht;boolean
Sonstiges;BerichtkiBean;KI_BerichtController;controller/BerichtkiBean;getFrequencyPenalty;holeFrequencyPenalty;double
Sonstiges;BerichtkiBean;KI_BerichtController;controller/BerichtkiBean;getGast;holeGast;String
Sonstiges;BerichtkiBean;KI_BerichtController;controller/BerichtkiBean;getGruppeUrl;holeGruppeUrl;String
Sonstiges;BerichtkiBean;KI_BerichtController;controller/BerichtkiBean;getHeim;holeHeim;String
Sonstiges;BerichtkiBean;KI_BerichtController;controller/BerichtkiBean;getInfo;holeInfo;String
Sonstiges;BerichtkiBean;KI_BerichtController;controller/BerichtkiBean;getKiRueckgabe;holeKiRueckgabe;String
Sonstiges;BerichtkiBean;KI_BerichtController;controller/BerichtkiBean;getLiga;holeLiga;String
Sonstiges;BerichtkiBean;KI_BerichtController;controller/BerichtkiBean;getPresencePenalty;holePresencePenalty;double
Sonstiges;BerichtkiBean;KI_BerichtController;controller/BerichtkiBean;getPrettyJson;holePrettyJson;String
Sonstiges;BerichtkiBean;KI_BerichtController;controller/BerichtkiBean;getPrettyJsonBilanz;holePrettyJsonBilanz;String
Sonstiges;BerichtkiBean;KI_BerichtController;controller/BerichtkiBean;getPrettyJsonSpielplan;holePrettyJsonSpielplan;String
Sonstiges;BerichtkiBean;KI_BerichtController;controller/BerichtkiBean;getPrettyJsonTabelle;holePrettyJsonTabelle;String
Sonstiges;BerichtkiBean;KI_BerichtController;controller/BerichtkiBean;getSelectedModel;holeSelectedModel;String
Sonstiges;BerichtkiBean;KI_BerichtController;controller/BerichtkiBean;getSelectedThinking;holeSelectedThinking;String
Sonstiges;BerichtkiBean;KI_BerichtController;controller/BerichtkiBean;getTabelleUrl;holeTabelleUrl;String
Sonstiges;BerichtkiBean;KI_BerichtController;controller/BerichtkiBean;getTemperatur;holeTemperatur;double
Sonstiges;BerichtkiBean;KI_BerichtController;controller/BerichtkiBean;getUuid;holeUuid;String
Sonstiges;BerichtkiBean;KI_BerichtController;controller/BerichtkiBean;getVereinnr;holeVereinnr;String
Sonstiges;BerichtkiBean;KI_BerichtController;controller/BerichtkiBean;getWirkungBeispiel;holeWirkungBeispiel;String
Sonstiges;BerichtkiBean;KI_BerichtController;controller/BerichtkiBean;getZusammenfassenPrompt;holeZusammenfassenPrompt;String
Sonstiges;BerichtkiBean;KI_BerichtController;controller/BerichtkiBean;isHttpLink;istHttpLink;boolean
Sonstiges;BerichtkiBean;KI_BerichtController;controller/BerichtkiBean;isMehrereBerichte;istMehrereBerichte;boolean
Sonstiges;BerichtkiBean;KI_BerichtController;controller/BerichtkiBean;isPanelCollapsed;istPanelCollapsed;boolean
Sonstiges;BerichtkiBean;KI_BerichtController;controller/BerichtkiBean;isSpielplan;istSpielplan;boolean
Sonstiges;BerichtkiBean;KI_BerichtController;controller/BerichtkiBean;isZusaetzlicheJSON;istZusaetzlicheJSON;boolean
Sonstiges;BerichtkiBean;KI_BerichtController;controller/BerichtkiBean;onSlide;beiBewegung;void
Sonstiges;BerichtkiBean;KI_BerichtController;controller/BerichtkiBean;setBericht;setzeBericht;void
Sonstiges;BerichtkiBean;KI_BerichtController;controller/BerichtkiBean;setBerichtIndex;setzeBerichtIndex;void
Sonstiges;BerichtkiBean;KI_BerichtController;controller/BerichtkiBean;setBerichtMannschaft;setzeBerichtMannschaft;void
Sonstiges;BerichtkiBean;KI_BerichtController;controller/BerichtkiBean;setBerichtText;setzeBerichtText;void
Sonstiges;BerichtkiBean;KI_BerichtController;controller/BerichtkiBean;setBerichtgroesse;setzeBerichtgroesse;void
Sonstiges;BerichtkiBean;KI_BerichtController;controller/BerichtkiBean;setBesondereVorkommnisse;setzeBesondereVorkommnisse;void
Sonstiges;BerichtkiBean;KI_BerichtController;controller/BerichtkiBean;setBilanzUrl;setzeBilanzUrl;void
Sonstiges;BerichtkiBean;KI_BerichtController;controller/BerichtkiBean;setFrageAusgabe;setzeFrageAusgabe;void
Sonstiges;BerichtkiBean;KI_BerichtController;controller/BerichtkiBean;setFreiMannschaft;setzeFreiMannschaft;void
Sonstiges;BerichtkiBean;KI_BerichtController;controller/BerichtkiBean;setFreiPrompt;setzeFreiPrompt;void
Sonstiges;BerichtkiBean;KI_BerichtController;controller/BerichtkiBean;setFrequencyPenalty;setzeFrequencyPenalty;void
Sonstiges;BerichtkiBean;KI_BerichtController;controller/BerichtkiBean;setGruppeUrl;setzeGruppeUrl;void
Sonstiges;BerichtkiBean;KI_BerichtController;controller/BerichtkiBean;setKiRueckgabe;setzeKiRueckgabe;void
Sonstiges;BerichtkiBean;KI_BerichtController;controller/BerichtkiBean;setLiga;setzeLiga;void
Sonstiges;BerichtkiBean;KI_BerichtController;controller/BerichtkiBean;setMehrereBerichte;setzeMehrereBerichte;void
Sonstiges;BerichtkiBean;KI_BerichtController;controller/BerichtkiBean;setPanelCollapsed;setzePanelCollapsed;void
Sonstiges;BerichtkiBean;KI_BerichtController;controller/BerichtkiBean;setPresencePenalty;setzePresencePenalty;void
Sonstiges;BerichtkiBean;KI_BerichtController;controller/BerichtkiBean;setPrettyJson;setzePrettyJson;void
Sonstiges;BerichtkiBean;KI_BerichtController;controller/BerichtkiBean;setPrettyJsonBilanz;setzePrettyJsonBilanz;void
Sonstiges;BerichtkiBean;KI_BerichtController;controller/BerichtkiBean;setPrettyJsonSpielplan;setzePrettyJsonSpielplan;void
Sonstiges;BerichtkiBean;KI_BerichtController;controller/BerichtkiBean;setPrettyJsonTabelle;setzePrettyJsonTabelle;void
Sonstiges;BerichtkiBean;KI_BerichtController;controller/BerichtkiBean;setSelectedModel;setzeSelectedModel;void
Sonstiges;BerichtkiBean;KI_BerichtController;controller/BerichtkiBean;setSelectedThinking;setzeSelectedThinking;void
Sonstiges;BerichtkiBean;KI_BerichtController;controller/BerichtkiBean;setSpielplan;setzeSpielplan;void
Sonstiges;BerichtkiBean;KI_BerichtController;controller/BerichtkiBean;setTabelleUrl;setzeTabelleUrl;void
Sonstiges;BerichtkiBean;KI_BerichtController;controller/BerichtkiBean;setTemperatur;setzeTemperatur;void
Sonstiges;BerichtkiBean;KI_BerichtController;controller/BerichtkiBean;setUuid;setzeUuid;void
Sonstiges;BerichtkiBean;KI_BerichtController;controller/BerichtkiBean;setVereinnr;setzeVereinnr;void
Sonstiges;BerichtkiBean;KI_BerichtController;controller/BerichtkiBean;setWirkung;setzeWirkung;void
Sonstiges;BerichtkiBean;KI_BerichtController;controller/BerichtkiBean;setZusaetzlicheJSON;setzeZusaetzlicheJSON;void
Sonstiges;BerichtkiBean;KI_BerichtController;controller/BerichtkiBean;setZusammenfassenPrompt;setzeZusammenfassenPrompt;void
Sonstiges;BerichtkiBean;KI_BerichtController;controller/BerichtkiBean;setZusammenfassenTexte;setzeZusammenfassenTexte;void
Sonstiges;BerichtkiBean;KI_BerichtController;controller/BerichtkiBean;spielplanAnzeige;zeigeSpielplan;void
Sonstiges;ConfigBean;ConfigController;controller/ConfigBean;encrypt;verschluessele;void
Sonstiges;ConfigBean;ConfigController;controller/ConfigBean;getBestimmenIcon;holeBestimmenIcon;String
Sonstiges;ConfigBean;ConfigController;controller/ConfigBean;getEmailPassword;holeEmailPassword;String
Sonstiges;ConfigBean;ConfigController;controller/ConfigBean;getEncryptedPassword;holeEncryptedPassword;String
Sonstiges;ConfigBean;ConfigController;controller/ConfigBean;getVerein;holeVerein;String
Sonstiges;ConfigBean;ConfigController;controller/ConfigBean;getVereinHomepage;holeVereinHomepage;String
Sonstiges;ConfigBean;ConfigController;controller/ConfigBean;getVereinnr;holeVereinnr;String
Sonstiges;ConfigBean;ConfigController;controller/ConfigBean;init;initialisiere;void
Sonstiges;ConfigBean;ConfigController;controller/ConfigBean;insertHomepage;einfuegen_Homepage;void
Sonstiges;ConfigBean;ConfigController;controller/ConfigBean;setEmailPassword;setzeEmailPassword;void
Sonstiges;ErrorBean;FehlerController;controller/ErrorBean;getMessage;holeMessage;String
Sonstiges;ErrorBean;FehlerController;controller/ErrorBean;getStacktrace;holeStacktrace;String
Sonstiges;ErrorBean;FehlerController;controller/ErrorBean;getType;holeType;String
Sonstiges;ErrorBean;FehlerController;controller/ErrorBean;isExceptionAvailable;istExceptionAvailable;boolean
Sonstiges;FreieBerichteBean;FreieBerichteController;controller/FreieBerichteBean;getBerichtDatum;holeBerichtDatum;String
Sonstiges;FreieBerichteBean;FreieBerichteController;controller/FreieBerichteBean;getBerichtDatumCal;holeBerichtDatumCal;Date
Sonstiges;FreieBerichteBean;FreieBerichteController;controller/FreieBerichteBean;getFreierLink;holeFreierLink;String
Sonstiges;FreieBerichteBean;FreieBerichteController;controller/FreieBerichteBean;getFreierText;holeFreierText;String
Sonstiges;FreieBerichteBean;FreieBerichteController;controller/FreieBerichteBean;getHomepage;holeHomepage;String
Sonstiges;FreieBerichteBean;FreieBerichteController;controller/FreieBerichteBean;getVereinHomepage;holeVereinHomepage;String
Sonstiges;FreieBerichteBean;FreieBerichteController;controller/FreieBerichteBean;getVereinnr;holeVereinnr;String
Sonstiges;FreieBerichteBean;FreieBerichteController;controller/FreieBerichteBean;getupdConfig;holeupdConfig;String
Sonstiges;FreieBerichteBean;FreieBerichteController;controller/FreieBerichteBean;hasBericht;hatBericht;boolean
Sonstiges;FreieBerichteBean;FreieBerichteController;controller/FreieBerichteBean;hasBild;hatBild;boolean
Sonstiges;FreieBerichteBean;FreieBerichteController;controller/FreieBerichteBean;hasBlaettle;hatBlaettle;boolean
Sonstiges;FreieBerichteBean;FreieBerichteController;controller/FreieBerichteBean;hasFreigabe;hatFreigabe;boolean
Sonstiges;FreieBerichteBean;FreieBerichteController;controller/FreieBerichteBean;hasHomepage;hatHomepage;boolean
Sonstiges;FreieBerichteBean;FreieBerichteController;controller/FreieBerichteBean;init;initialisiere;void
Sonstiges;FreieBerichteBean;FreieBerichteController;controller/FreieBerichteBean;onDateSelect;beiDatumAuswahl;void
Sonstiges;FreieBerichteBean;FreieBerichteController;controller/FreieBerichteBean;setBerichtDatumCal;setzeBerichtDatumCal;void
Sonstiges;FreieBerichteBean;FreieBerichteController;controller/FreieBerichteBean;setFreierText;setzeFreierText;void
Sonstiges;FreieBerichteBean;FreieBerichteController;controller/FreieBerichteBean;setUpdConfig;setzeUpdConfig;void
Sonstiges;FreieBerichteBean;FreieBerichteController;controller/FreieBerichteBean;setVereinnr;setzeVereinnr;void
Sonstiges;HistorienBean;HistorienController;controller/HistorienBean;getAktuelleUeberschrift;holeAktuelleUeberschrift;String
Sonstiges;HistorienBean;HistorienController;controller/HistorienBean;getAktuellerBericht;holeAktuellerBericht;BerichtData
Sonstiges;HistorienBean;HistorienController;controller/HistorienBean;getAktuellerBerichtText;holeAktuellerBerichtText;String
Sonstiges;HistorienBean;HistorienController;controller/HistorienBean;getAktuellesBildUnterschrift;holeAktuellesBildUnterschrift;String
Sonstiges;HistorienBean;HistorienController;controller/HistorienBean;getAktuellesBildUrl;holeAktuellesBildUrl;String
Sonstiges;HistorienBean;HistorienController;controller/HistorienBean;getAusgewaehlterTimestamp;holeAusgewaehlterTimestamp;String
Sonstiges;HistorienBean;HistorienController;controller/HistorienBean;getDatum;holeDatum;String
Sonstiges;HistorienBean;HistorienController;controller/HistorienBean;getErgebnis;holeErgebnis;String
Sonstiges;HistorienBean;HistorienController;controller/HistorienBean;getErgebnisLink;holeErgebnisLink;String
Sonstiges;HistorienBean;HistorienController;controller/HistorienBean;getGast;holeGast;String
Sonstiges;HistorienBean;HistorienController;controller/HistorienBean;getHeim;holeHeim;String
Sonstiges;HistorienBean;HistorienController;controller/HistorienBean;getHistorieBerichtText;holeHistorieBerichtText;String
Sonstiges;HistorienBean;HistorienController;controller/HistorienBean;getHistorieBildUnterschrift;holeHistorieBildUnterschrift;String
Sonstiges;HistorienBean;HistorienController;controller/HistorienBean;getHistorieBildUrl;holeHistorieBildUrl;String
Sonstiges;HistorienBean;HistorienController;controller/HistorienBean;getHistorieUeberschrift;holeHistorieUeberschrift;String
Sonstiges;HistorienBean;HistorienController;controller/HistorienBean;getHistorischerBericht;holeHistorischerBericht;BerichtData
Sonstiges;HistorienBean;HistorienController;controller/HistorienBean;getInBearbeitung;holeInBearbeitung;boolean
Sonstiges;HistorienBean;HistorienController;controller/HistorienBean;getLiga;holeLiga;String
Sonstiges;HistorienBean;HistorienController;controller/HistorienBean;getSpielErgebnis;holeSpielErgebnis;String
Sonstiges;HistorienBean;HistorienController;controller/HistorienBean;getUuid;holeUuid;String
Sonstiges;HistorienBean;HistorienController;controller/HistorienBean;getVereinnr;holeVereinnr;String
Sonstiges;HistorienBean;HistorienController;controller/HistorienBean;init;initialisiere;void
Sonstiges;HistorienBean;HistorienController;controller/HistorienBean;setAusgewaehlterTimestamp;setzeAusgewaehlterTimestamp;void
Sonstiges;HistorienBean;HistorienController;controller/HistorienBean;setErgebnisLink;setzeErgebnisLink;void
Sonstiges;HistorienBean;HistorienController;controller/HistorienBean;setLiga;setzeLiga;void
Sonstiges;HistorienBean;HistorienController;controller/HistorienBean;setUuid;setzeUuid;void
Sonstiges;HistorienBean;HistorienController;controller/HistorienBean;setVereinnr;setzeVereinnr;void
Sonstiges;ImageBean;BildController;controller/ImageBean;getBerichtText;holeBerichtText;String
Sonstiges;ImageBean;BildController;controller/ImageBean;getCropHeight;holeCropHeight;String
Sonstiges;ImageBean;BildController;controller/ImageBean;getCropWidth;holeCropWidth;String
Sonstiges;ImageBean;BildController;controller/ImageBean;getCropX;holeCropX;String
Sonstiges;ImageBean;BildController;controller/ImageBean;getCropY;holeCropY;String
Sonstiges;ImageBean;BildController;controller/ImageBean;getDatum;holeDatum;String
Sonstiges;ImageBean;BildController;controller/ImageBean;getErgebnis;holeErgebnis;String
Sonstiges;ImageBean;BildController;controller/ImageBean;getErgebnisLink;holeErgebnisLink;String
Sonstiges;ImageBean;BildController;controller/ImageBean;getGast;holeGast;String
Sonstiges;ImageBean;BildController;controller/ImageBean;getHeim;holeHeim;String
Sonstiges;ImageBean;BildController;controller/ImageBean;getImagePath;holeImagePath;String
Sonstiges;ImageBean;BildController;controller/ImageBean;getLiga;holeLiga;String
Sonstiges;ImageBean;BildController;controller/ImageBean;getUuid;holeUuid;String
Sonstiges;ImageBean;BildController;controller/ImageBean;getVereinnr;holeVereinnr;String
Sonstiges;ImageBean;BildController;controller/ImageBean;init;initialisiere;void
Sonstiges;ImageBean;BildController;controller/ImageBean;setBerichtText;setzeBerichtText;void
Sonstiges;ImageBean;BildController;controller/ImageBean;setCropHeight;setzeCropHeight;void
Sonstiges;ImageBean;BildController;controller/ImageBean;setCropWidth;setzeCropWidth;void
Sonstiges;ImageBean;BildController;controller/ImageBean;setCropX;setzeCropX;void
Sonstiges;ImageBean;BildController;controller/ImageBean;setCropY;setzeCropY;void
Sonstiges;ImageBean;BildController;controller/ImageBean;setDatum;setzeDatum;void
Sonstiges;ImageBean;BildController;controller/ImageBean;setErgebnis;setzeErgebnis;void
Sonstiges;ImageBean;BildController;controller/ImageBean;setErgebnisLink;setzeErgebnisLink;void
Sonstiges;ImageBean;BildController;controller/ImageBean;setGast;setzeGast;void
Sonstiges;ImageBean;BildController;controller/ImageBean;setHeim;setzeHeim;void
Sonstiges;ImageBean;BildController;controller/ImageBean;setLiga;setzeLiga;void
Sonstiges;ImageBean;BildController;controller/ImageBean;setUuid;setzeUuid;void
Sonstiges;ImageBean;BildController;controller/ImageBean;setVereinnr;setzeVereinnr;void
Sonstiges;ImpressumBean;ImpressumController;controller/ImpressumBean;getBestimmenIcon;holeBestimmenIcon;String
Sonstiges;ImpressumBean;ImpressumController;controller/ImpressumBean;getVerein;holeVerein;String
Sonstiges;ImpressumBean;ImpressumController;controller/ImpressumBean;getVereinHomepage;holeVereinHomepage;String
Sonstiges;ImpressumBean;ImpressumController;controller/ImpressumBean;getVereinnr;holeVereinnr;String
Sonstiges;ImpressumBean;ImpressumController;controller/ImpressumBean;init;initialisiere;void
Sonstiges;ImpressumBean;ImpressumController;controller/ImpressumBean;setVereinnr;setzeVereinnr;void
Sonstiges;KommentarBean;KommentarController;controller/KommentarBean;approveComment;genehmige_Kommentar;void
Sonstiges;KommentarBean;KommentarController;controller/KommentarBean;getApprovedCount;holeApprovedCount;int
Sonstiges;KommentarBean;KommentarController;controller/KommentarBean;getBestimmenIcon;holeBestimmenIcon;String
Sonstiges;KommentarBean;KommentarController;controller/KommentarBean;getHoldCount;holeHoldCount;int
Sonstiges;KommentarBean;KommentarController;controller/KommentarBean;getHomepageUrl;holeHomepageUrl;String
Sonstiges;KommentarBean;KommentarController;controller/KommentarBean;getItemValue;holeItemValue;String
Sonstiges;KommentarBean;KommentarController;controller/KommentarBean;getName;holeName;String
Sonstiges;KommentarBean;KommentarController;controller/KommentarBean;getPassword;holePassword;String
Sonstiges;KommentarBean;KommentarController;controller/KommentarBean;getSelectedPostUrl;holeSelectedPostUrl;String
Sonstiges;KommentarBean;KommentarController;controller/KommentarBean;getSpamCount;holeSpamCount;int
Sonstiges;KommentarBean;KommentarController;controller/KommentarBean;getTrashCount;holeTrashCount;int
Sonstiges;KommentarBean;KommentarController;controller/KommentarBean;getUsername;holeUsername;String
Sonstiges;KommentarBean;KommentarController;controller/KommentarBean;getVereinHomepage;holeVereinHomepage;String
Sonstiges;KommentarBean;KommentarController;controller/KommentarBean;getVereinnr;holeVereinnr;String
Sonstiges;KommentarBean;KommentarController;controller/KommentarBean;setName;setzeName;void
Sonstiges;KommentarBean;KommentarController;controller/KommentarBean;setPassword;setzePassword;void
Sonstiges;KommentarBean;KommentarController;controller/KommentarBean;setUsername;setzeUsername;void
Sonstiges;KommentarBean;KommentarController;controller/KommentarBean;setVereinnr;setzeVereinnr;void
Sonstiges;KommentarBean;KommentarController;controller/KommentarBean;trashComment;verschiebe_Kommentar_in_Papierkorb;void
Sonstiges;SpielErgebnis;SpielErgebnisDTO;controller/SpielErgebnis;getDatum;holeDatum;String
Sonstiges;SpielErgebnis;SpielErgebnisDTO;controller/SpielErgebnis;getGast;holeGast;String
Sonstiges;SpielErgebnis;SpielErgebnisDTO;controller/SpielErgebnis;getHeim;holeHeim;String
Sonstiges;SpielErgebnis;SpielErgebnisDTO;controller/SpielErgebnis;getLiga;holeLiga;String
Sonstiges;SpielplanBean;SpielplanController;controller/SpielplanBean;getBerichtDatum;holeBerichtDatum;String
Sonstiges;SpielplanBean;SpielplanController;controller/SpielplanBean;getBerichtDatumCal;holeBerichtDatumCal;Date
Sonstiges;SpielplanBean;SpielplanController;controller/SpielplanBean;getBerichte;holeBerichte;String
Sonstiges;SpielplanBean;SpielplanController;controller/SpielplanBean;getBestimmenIcon;holeBestimmenIcon;String
Sonstiges;SpielplanBean;SpielplanController;controller/SpielplanBean;getFreierLink;holeFreierLink;String
Sonstiges;SpielplanBean;SpielplanController;controller/SpielplanBean;getFreierText;holeFreierText;String
Sonstiges;SpielplanBean;SpielplanController;controller/SpielplanBean;getHomepage;holeHomepage;String
Sonstiges;SpielplanBean;SpielplanController;controller/SpielplanBean;getVerein;holeVerein;String
Sonstiges;SpielplanBean;SpielplanController;controller/SpielplanBean;getVereinHomepage;holeVereinHomepage;String
Sonstiges;SpielplanBean;SpielplanController;controller/SpielplanBean;getVereinnr;holeVereinnr;String
Sonstiges;SpielplanBean;SpielplanController;controller/SpielplanBean;getupdConfig;holeupdConfig;String
Sonstiges;SpielplanBean;SpielplanController;controller/SpielplanBean;hasBericht;hatBericht;boolean
Sonstiges;SpielplanBean;SpielplanController;controller/SpielplanBean;hasBild;hatBild;boolean
Sonstiges;SpielplanBean;SpielplanController;controller/SpielplanBean;hasBlaettle;hatBlaettle;boolean
Sonstiges;SpielplanBean;SpielplanController;controller/SpielplanBean;hasFreigabe;hatFreigabe;boolean
Sonstiges;SpielplanBean;SpielplanController;controller/SpielplanBean;hasHomepage;hatHomepage;boolean
Sonstiges;SpielplanBean;SpielplanController;controller/SpielplanBean;onDateSelect;beiDatumAuswahl;void
Sonstiges;SpielplanBean;SpielplanController;controller/SpielplanBean;setBerichtDatum;setzeBerichtDatum;void
Sonstiges;SpielplanBean;SpielplanController;controller/SpielplanBean;setBerichtDatumCal;setzeBerichtDatumCal;void
Sonstiges;SpielplanBean;SpielplanController;controller/SpielplanBean;setBerichte;setzeBerichte;void
Sonstiges;SpielplanBean;SpielplanController;controller/SpielplanBean;setFreierText;setzeFreierText;void
Sonstiges;SpielplanBean;SpielplanController;controller/SpielplanBean;setMeineBerichtTexte;setzeMeineBerichtTexte;void
Sonstiges;SpielplanBean;SpielplanController;controller/SpielplanBean;setUpdConfig;setzeUpdConfig;void
Sonstiges;SpielplanBean;SpielplanController;controller/SpielplanBean;setVereinnr;setzeVereinnr;void
Sonstiges;ZusammenBean;ZusammenfassungController;controller/ZusammenBean;getAltLink;holeAltLink;String
Sonstiges;ZusammenBean;ZusammenfassungController;controller/ZusammenBean;getAnzahlWordpress;holeAnzahlWordpress;int
Sonstiges;ZusammenBean;ZusammenfassungController;controller/ZusammenBean;getBerichtAnzeige;holeBerichtAnzeige;String
Sonstiges;ZusammenBean;ZusammenfassungController;controller/ZusammenBean;getBerichtDatum;holeBerichtDatum;String
Sonstiges;ZusammenBean;ZusammenfassungController;controller/ZusammenBean;getBerichtDatumCal;holeBerichtDatumCal;Date
Sonstiges;ZusammenBean;ZusammenfassungController;controller/ZusammenBean;getBerichtText;holeBerichtText;String
Sonstiges;ZusammenBean;ZusammenfassungController;controller/ZusammenBean;getBerichtWerbung;holeBerichtWerbung;String
Sonstiges;ZusammenBean;ZusammenfassungController;controller/ZusammenBean;getBerichtWerbungBlaettle;holeBerichtWerbungBlaettle;String
Sonstiges;ZusammenBean;ZusammenfassungController;controller/ZusammenBean;getBerichtWerbungHomepage;holeBerichtWerbungHomepage;String
Sonstiges;ZusammenBean;ZusammenfassungController;controller/ZusammenBean;getBerichte;holeBerichte;String
Sonstiges;ZusammenBean;ZusammenfassungController;controller/ZusammenBean;getBestimmenIcon;holeBestimmenIcon;String
Sonstiges;ZusammenBean;ZusammenfassungController;controller/ZusammenBean;getBildLink;holeBildLink;String
Sonstiges;ZusammenBean;ZusammenfassungController;controller/ZusammenBean;getBildUnterschrift;holeBildUnterschrift;String
Sonstiges;ZusammenBean;ZusammenfassungController;controller/ZusammenBean;getBildUrl;holeBildUrl;String
Sonstiges;ZusammenBean;ZusammenfassungController;controller/ZusammenBean;getConfig;holeConfig;ConfigManager
Sonstiges;ZusammenBean;ZusammenfassungController;controller/ZusammenBean;getDatum;holeDatum;String
Sonstiges;ZusammenBean;ZusammenfassungController;controller/ZusammenBean;getDbService;holeDbService;DatabaseService
Sonstiges;ZusammenBean;ZusammenfassungController;controller/ZusammenBean;getDomain;holeDomain;String
Sonstiges;ZusammenBean;ZusammenfassungController;controller/ZusammenBean;getDownloadBild;holeDownloadBild;StreamedContent
Sonstiges;ZusammenBean;ZusammenfassungController;controller/ZusammenBean;getErgebnis;holeErgebnis;String
Sonstiges;ZusammenBean;ZusammenfassungController;controller/ZusammenBean;getErgebnisLink;holeErgebnisLink;String
Sonstiges;ZusammenBean;ZusammenfassungController;controller/ZusammenBean;getFreieBerichte;holeFreieBerichte;String
Sonstiges;ZusammenBean;ZusammenfassungController;controller/ZusammenBean;getFreierText;holeFreierText;String
Sonstiges;ZusammenBean;ZusammenfassungController;controller/ZusammenBean;getGast;holeGast;String
Sonstiges;ZusammenBean;ZusammenfassungController;controller/ZusammenBean;getHeim;holeHeim;String
Sonstiges;ZusammenBean;ZusammenfassungController;controller/ZusammenBean;getHomepage;holeHomepage;String
Sonstiges;ZusammenBean;ZusammenfassungController;controller/ZusammenBean;getIframeUrl;holeIframeUrl;String
Sonstiges;ZusammenBean;ZusammenfassungController;controller/ZusammenBean;getItemValue;holeItemValue;String
Sonstiges;ZusammenBean;ZusammenfassungController;controller/ZusammenBean;getLiga;holeLiga;String
Sonstiges;ZusammenBean;ZusammenfassungController;controller/ZusammenBean;getLink;holeLink;String
Sonstiges;ZusammenBean;ZusammenfassungController;controller/ZusammenBean;getName;holeName;String
Sonstiges;ZusammenBean;ZusammenfassungController;controller/ZusammenBean;getPassword;holePassword;String
Sonstiges;ZusammenBean;ZusammenfassungController;controller/ZusammenBean;getResizedImage;holeResizedImage;String
Sonstiges;ZusammenBean;ZusammenfassungController;controller/ZusammenBean;getSelectedItem;holeSelectedItem;Spiel
Sonstiges;ZusammenBean;ZusammenfassungController;controller/ZusammenBean;getSerialversionuid;holeSerialversionuid;long
Sonstiges;ZusammenBean;ZusammenfassungController;controller/ZusammenBean;getSpielErgebnis;holeSpielErgebnis;String
Sonstiges;ZusammenBean;ZusammenfassungController;controller/ZusammenBean;getUsername;holeUsername;String
Sonstiges;ZusammenBean;ZusammenfassungController;controller/ZusammenBean;getVereinHomepage;holeVereinHomepage;String
Sonstiges;ZusammenBean;ZusammenfassungController;controller/ZusammenBean;getVereinnr;holeVereinnr;String
Sonstiges;ZusammenBean;ZusammenfassungController;controller/ZusammenBean;getZeitung;holeZeitung;String
Sonstiges;ZusammenBean;ZusammenfassungController;controller/ZusammenBean;getupdConfig;holeupdConfig;String
Sonstiges;ZusammenBean;ZusammenfassungController;controller/ZusammenBean;hasBericht;hatBericht;boolean
Sonstiges;ZusammenBean;ZusammenfassungController;controller/ZusammenBean;hasBild;hatBild;boolean
Sonstiges;ZusammenBean;ZusammenfassungController;controller/ZusammenBean;hasBlaettle;hatBlaettle;boolean
Sonstiges;ZusammenBean;ZusammenfassungController;controller/ZusammenBean;hasFreigabe;hatFreigabe;boolean
Sonstiges;ZusammenBean;ZusammenfassungController;controller/ZusammenBean;hasHomepage;hatHomepage;boolean
Sonstiges;ZusammenBean;ZusammenfassungController;controller/ZusammenBean;isBereitsFreigegeben;istBereitsFreigegeben;boolean
Sonstiges;ZusammenBean;ZusammenfassungController;controller/ZusammenBean;isFreigegebeneBerichte;istFreigegebeneBerichte;boolean
Sonstiges;ZusammenBean;ZusammenfassungController;controller/ZusammenBean;isMitSpielberichte;istMitSpielberichte;boolean
Sonstiges;ZusammenBean;ZusammenfassungController;controller/ZusammenBean;onDateSelect;beiDatumAuswahl;void
Sonstiges;ZusammenBean;ZusammenfassungController;controller/ZusammenBean;setAltLink;setzeAltLink;void
Sonstiges;ZusammenBean;ZusammenfassungController;controller/ZusammenBean;setAnzahlWordpress;setzeAnzahlWordpress;void
Sonstiges;ZusammenBean;ZusammenfassungController;controller/ZusammenBean;setBereitsFreigegeben;setzeBereitsFreigegeben;void
Sonstiges;ZusammenBean;ZusammenfassungController;controller/ZusammenBean;setBerichtDatum;setzeBerichtDatum;void
Sonstiges;ZusammenBean;ZusammenfassungController;controller/ZusammenBean;setBerichtDatumCal;setzeBerichtDatumCal;void
Sonstiges;ZusammenBean;ZusammenfassungController;controller/ZusammenBean;setBerichtText;setzeBerichtText;void
Sonstiges;ZusammenBean;ZusammenfassungController;controller/ZusammenBean;setBerichtWerbungBlaettle;setzeBerichtWerbungBlaettle;void
Sonstiges;ZusammenBean;ZusammenfassungController;controller/ZusammenBean;setBerichte;setzeBerichte;void
Sonstiges;ZusammenBean;ZusammenfassungController;controller/ZusammenBean;setBildDaten;setzeBildDaten;void
Sonstiges;ZusammenBean;ZusammenfassungController;controller/ZusammenBean;setBildLink;setzeBildLink;void
Sonstiges;ZusammenBean;ZusammenfassungController;controller/ZusammenBean;setBildUnterschrift;setzeBildUnterschrift;void
Sonstiges;ZusammenBean;ZusammenfassungController;controller/ZusammenBean;setConfig;setzeConfig;void
Sonstiges;ZusammenBean;ZusammenfassungController;controller/ZusammenBean;setDatum;setzeDatum;void
Sonstiges;ZusammenBean;ZusammenfassungController;controller/ZusammenBean;setDbService;setzeDbService;void
Sonstiges;ZusammenBean;ZusammenfassungController;controller/ZusammenBean;setDownloadBild;setzeDownloadBild;void
Sonstiges;ZusammenBean;ZusammenfassungController;controller/ZusammenBean;setErgebnis;setzeErgebnis;void
Sonstiges;ZusammenBean;ZusammenfassungController;controller/ZusammenBean;setErgebnisLink;setzeErgebnisLink;void
Sonstiges;ZusammenBean;ZusammenfassungController;controller/ZusammenBean;setFreieBerichte;setzeFreieBerichte;void
Sonstiges;ZusammenBean;ZusammenfassungController;controller/ZusammenBean;setFreierText;setzeFreierText;void
Sonstiges;ZusammenBean;ZusammenfassungController;controller/ZusammenBean;setFreigegebeneBerichte;setzeFreigegebeneBerichte;void
Sonstiges;ZusammenBean;ZusammenfassungController;controller/ZusammenBean;setGast;setzeGast;void
Sonstiges;ZusammenBean;ZusammenfassungController;controller/ZusammenBean;setHeim;setzeHeim;void
Sonstiges;ZusammenBean;ZusammenfassungController;controller/ZusammenBean;setIframeUrl;setzeIframeUrl;void
Sonstiges;ZusammenBean;ZusammenfassungController;controller/ZusammenBean;setLiga;setzeLiga;void
Sonstiges;ZusammenBean;ZusammenfassungController;controller/ZusammenBean;setLogEntries;setzeLogEntries;void
Sonstiges;ZusammenBean;ZusammenfassungController;controller/ZusammenBean;setMeineBerichtTexte;setzeMeineBerichtTexte;void
Sonstiges;ZusammenBean;ZusammenfassungController;controller/ZusammenBean;setMitSpielberichte;setzeMitSpielberichte;void
Sonstiges;ZusammenBean;ZusammenfassungController;controller/ZusammenBean;setName;setzeName;void
Sonstiges;ZusammenBean;ZusammenfassungController;controller/ZusammenBean;setPassword;setzePassword;void
Sonstiges;ZusammenBean;ZusammenfassungController;controller/ZusammenBean;setResizedImage;setzeResizedImage;void
Sonstiges;ZusammenBean;ZusammenfassungController;controller/ZusammenBean;setSelectKategorie;setzeSelectKategorie;void
Sonstiges;ZusammenBean;ZusammenfassungController;controller/ZusammenBean;setSelectedItem;setzeSelectedItem;void
Sonstiges;ZusammenBean;ZusammenfassungController;controller/ZusammenBean;setSpielErgebnis;setzeSpielErgebnis;void
Sonstiges;ZusammenBean;ZusammenfassungController;controller/ZusammenBean;setSpieleFreigegeben;setzeSpieleFreigegeben;void
Sonstiges;ZusammenBean;ZusammenfassungController;controller/ZusammenBean;setUpdConfig;setzeUpdConfig;void
Sonstiges;ZusammenBean;ZusammenfassungController;controller/ZusammenBean;setUsername;setzeUsername;void
Sonstiges;ZusammenBean;ZusammenfassungController;controller/ZusammenBean;setVereinnr;setzeVereinnr;void
Sonstiges;ZusammenGesamtBean;GesamtzusammenfassungController;controller/ZusammenGesamtBean;getBerichtDatum;holeBerichtDatum;String
Sonstiges;ZusammenGesamtBean;GesamtzusammenfassungController;controller/ZusammenGesamtBean;getBerichtDatumCal;holeBerichtDatumCal;Date
Sonstiges;ZusammenGesamtBean;GesamtzusammenfassungController;controller/ZusammenGesamtBean;getBerichte;holeBerichte;String
Sonstiges;ZusammenGesamtBean;GesamtzusammenfassungController;controller/ZusammenGesamtBean;getBerichteAnzeige;holeBerichteAnzeige;String
Sonstiges;ZusammenGesamtBean;GesamtzusammenfassungController;controller/ZusammenGesamtBean;getBerichteUeberschrift;holeBerichteUeberschrift;String
Sonstiges;ZusammenGesamtBean;GesamtzusammenfassungController;controller/ZusammenGesamtBean;getBestimmenIcon;holeBestimmenIcon;String
Sonstiges;ZusammenGesamtBean;GesamtzusammenfassungController;controller/ZusammenGesamtBean;getBildLink;holeBildLink;String
Sonstiges;ZusammenGesamtBean;GesamtzusammenfassungController;controller/ZusammenGesamtBean;getBildUnterschrift;holeBildUnterschrift;String
Sonstiges;ZusammenGesamtBean;GesamtzusammenfassungController;controller/ZusammenGesamtBean;getDomain;holeDomain;String
Sonstiges;ZusammenGesamtBean;GesamtzusammenfassungController;controller/ZusammenGesamtBean;getDownloadBild;holeDownloadBild;StreamedContent
Sonstiges;ZusammenGesamtBean;GesamtzusammenfassungController;controller/ZusammenGesamtBean;getFreieBerichte;holeFreieBerichte;Boolean
Sonstiges;ZusammenGesamtBean;GesamtzusammenfassungController;controller/ZusammenGesamtBean;getFreierText;holeFreierText;String
Sonstiges;ZusammenGesamtBean;GesamtzusammenfassungController;controller/ZusammenGesamtBean;getHtmlText;holeHtmlText;String
Sonstiges;ZusammenGesamtBean;GesamtzusammenfassungController;controller/ZusammenGesamtBean;getIframeUrl;holeIframeUrl;String
Sonstiges;ZusammenGesamtBean;GesamtzusammenfassungController;controller/ZusammenGesamtBean;getItemValue;holeItemValue;String
Sonstiges;ZusammenGesamtBean;GesamtzusammenfassungController;controller/ZusammenGesamtBean;getName;holeName;String
Sonstiges;ZusammenGesamtBean;GesamtzusammenfassungController;controller/ZusammenGesamtBean;getPassword;holePassword;String
Sonstiges;ZusammenGesamtBean;GesamtzusammenfassungController;controller/ZusammenGesamtBean;getPostid;holePostid;int
Sonstiges;ZusammenGesamtBean;GesamtzusammenfassungController;controller/ZusammenGesamtBean;getSelectedItem;holeSelectedItem;Spiel
Sonstiges;ZusammenGesamtBean;GesamtzusammenfassungController;controller/ZusammenGesamtBean;getUeberschrift;holeUeberschrift;String
Sonstiges;ZusammenGesamtBean;GesamtzusammenfassungController;controller/ZusammenGesamtBean;getUsername;holeUsername;String
Sonstiges;ZusammenGesamtBean;GesamtzusammenfassungController;controller/ZusammenGesamtBean;getVereinHomepage;holeVereinHomepage;String
Sonstiges;ZusammenGesamtBean;GesamtzusammenfassungController;controller/ZusammenGesamtBean;getVereinnr;holeVereinnr;String
Sonstiges;ZusammenGesamtBean;GesamtzusammenfassungController;controller/ZusammenGesamtBean;getupdConfig;holeupdConfig;String
Sonstiges;ZusammenGesamtBean;GesamtzusammenfassungController;controller/ZusammenGesamtBean;hasBericht;hatBericht;boolean
Sonstiges;ZusammenGesamtBean;GesamtzusammenfassungController;controller/ZusammenGesamtBean;hasBild;hatBild;boolean
Sonstiges;ZusammenGesamtBean;GesamtzusammenfassungController;controller/ZusammenGesamtBean;hasBlaettle;hatBlaettle;boolean
Sonstiges;ZusammenGesamtBean;GesamtzusammenfassungController;controller/ZusammenGesamtBean;hasFreigabe;hatFreigabe;boolean
Sonstiges;ZusammenGesamtBean;GesamtzusammenfassungController;controller/ZusammenGesamtBean;hasHomepage;hatHomepage;boolean
Sonstiges;ZusammenGesamtBean;GesamtzusammenfassungController;controller/ZusammenGesamtBean;isFirst;istFirst;boolean
Sonstiges;ZusammenGesamtBean;GesamtzusammenfassungController;controller/ZusammenGesamtBean;isFreigegebeneBerichte;istFreigegebeneBerichte;boolean
Sonstiges;ZusammenGesamtBean;GesamtzusammenfassungController;controller/ZusammenGesamtBean;isLast;istLast;boolean
Sonstiges;ZusammenGesamtBean;GesamtzusammenfassungController;controller/ZusammenGesamtBean;onDateSelect;beiDatumAuswahl;void
Sonstiges;ZusammenGesamtBean;GesamtzusammenfassungController;controller/ZusammenGesamtBean;setBerichtDatum;setzeBerichtDatum;void
Sonstiges;ZusammenGesamtBean;GesamtzusammenfassungController;controller/ZusammenGesamtBean;setBerichtDatumCal;setzeBerichtDatumCal;void
Sonstiges;ZusammenGesamtBean;GesamtzusammenfassungController;controller/ZusammenGesamtBean;setBerichte;setzeBerichte;void
Sonstiges;ZusammenGesamtBean;GesamtzusammenfassungController;controller/ZusammenGesamtBean;setBerichteUeberschrift;setzeBerichteUeberschrift;void
Sonstiges;ZusammenGesamtBean;GesamtzusammenfassungController;controller/ZusammenGesamtBean;setBildDaten;setzeBildDaten;void
Sonstiges;ZusammenGesamtBean;GesamtzusammenfassungController;controller/ZusammenGesamtBean;setBildLink;setzeBildLink;void
Sonstiges;ZusammenGesamtBean;GesamtzusammenfassungController;controller/ZusammenGesamtBean;setBildUnterschrift;setzeBildUnterschrift;void
Sonstiges;ZusammenGesamtBean;GesamtzusammenfassungController;controller/ZusammenGesamtBean;setFreierText;setzeFreierText;void
Sonstiges;ZusammenGesamtBean;GesamtzusammenfassungController;controller/ZusammenGesamtBean;setFreigegebeneBerichte;setzeFreigegebeneBerichte;void
Sonstiges;ZusammenGesamtBean;GesamtzusammenfassungController;controller/ZusammenGesamtBean;setMeineBerichtTexte;setzeMeineBerichtTexte;void
Sonstiges;ZusammenGesamtBean;GesamtzusammenfassungController;controller/ZusammenGesamtBean;setName;setzeName;void
Sonstiges;ZusammenGesamtBean;GesamtzusammenfassungController;controller/ZusammenGesamtBean;setPassword;setzePassword;void
Sonstiges;ZusammenGesamtBean;GesamtzusammenfassungController;controller/ZusammenGesamtBean;setPostid;setzePostid;void
Sonstiges;ZusammenGesamtBean;GesamtzusammenfassungController;controller/ZusammenGesamtBean;setSelectKategorie;setzeSelectKategorie;void
Sonstiges;ZusammenGesamtBean;GesamtzusammenfassungController;controller/ZusammenGesamtBean;setUeberschrift;setzeUeberschrift;void
Sonstiges;ZusammenGesamtBean;GesamtzusammenfassungController;controller/ZusammenGesamtBean;setUpdConfig;setzeUpdConfig;void
Sonstiges;ZusammenGesamtBean;GesamtzusammenfassungController;controller/ZusammenGesamtBean;setUsername;setzeUsername;void
Sonstiges;ZusammenGesamtBean;GesamtzusammenfassungController;controller/ZusammenGesamtBean;setVereinnr;setzeVereinnr;void
Sonstiges;ZusammenGesamtBean;GesamtzusammenfassungController;controller/ZusammenGesamtBean;setWahl;setzeWahl;void
Sonstiges;ShortLinkServlet;KurzLink_Servlet;provider/ShortLinkServlet;(keine Methoden);;
Sonstiges;SpielergebnisProvider;SpielergebnisProvider;provider/SpielergebnisProvider;(keine Methoden);;
Sonstiges;SpielplanProvider;SpielplanProvider;provider/SpielplanProvider;(keine Methoden);;
Sonstiges;BerichtText;BerichtInhalt;service/BerichtText;getBerichttext;holeBerichttext;String
Sonstiges;BerichtText;BerichtInhalt;service/BerichtText;getBildUrl;holeBildUrl;String
Sonstiges;BerichtText;BerichtInhalt;service/BerichtText;getDatum;holeDatum;String
Sonstiges;BerichtText;BerichtInhalt;service/BerichtText;getErgebnis;holeErgebnis;String
Sonstiges;BerichtText;BerichtInhalt;service/BerichtText;getErgebnisLink;holeErgebnisLink;String
Sonstiges;BerichtText;BerichtInhalt;service/BerichtText;getGast;holeGast;String
Sonstiges;BerichtText;BerichtInhalt;service/BerichtText;getHeim;holeHeim;String
Sonstiges;BerichtText;BerichtInhalt;service/BerichtText;setBerichttext;setzeBerichttext;void
Sonstiges;BerichtText;BerichtInhalt;service/BerichtText;setBildUrl;setzeBildUrl;void
Sonstiges;BerichtText;BerichtInhalt;service/BerichtText;setDatum;setzeDatum;void
Sonstiges;BerichtText;BerichtInhalt;service/BerichtText;setErgebnis;setzeErgebnis;void
Sonstiges;BerichtText;BerichtInhalt;service/BerichtText;setErgebnisLink;setzeErgebnisLink;void
Sonstiges;BerichtText;BerichtInhalt;service/BerichtText;setGast;setzeGast;void
Sonstiges;BerichtText;BerichtInhalt;service/BerichtText;setHeim;setzeHeim;void
Sonstiges;Bilanz;Abrechnung;service/Bilanz;getAufgestelltInMannschaft;holeAufgestelltInMannschaft;String
Sonstiges;Bilanz;Abrechnung;service/Bilanz;getEinsaetze;holeEinsaetze;String
Sonstiges;Bilanz;Abrechnung;service/Bilanz;getGesamt;holeGesamt;String
Sonstiges;Bilanz;Abrechnung;service/Bilanz;getName;holeName;String
Sonstiges;Bilanz;Abrechnung;service/Bilanz;getPosition;holePosition;String
Sonstiges;Bilanz;Abrechnung;service/Bilanz;getPosition1;holePosition1;String
Sonstiges;Bilanz;Abrechnung;service/Bilanz;getPosition2;holePosition2;String
Sonstiges;Bilanz;Abrechnung;service/Bilanz;getPosition3;holePosition3;String
Sonstiges;Bilanz;Abrechnung;service/Bilanz;getPosition4;holePosition4;String
Sonstiges;Bilanz;Abrechnung;service/Bilanz;getPosition5;holePosition5;String
Sonstiges;Bilanz;Abrechnung;service/Bilanz;getPosition6;holePosition6;String
Sonstiges;Bilanz;Abrechnung;service/Bilanz;getRang;holeRang;String
Sonstiges;Bilanz;Abrechnung;service/Bilanz;setAufgestelltInMannschaft;setzeAufgestelltInMannschaft;void
Sonstiges;Bilanz;Abrechnung;service/Bilanz;setEinsaetze;setzeEinsaetze;void
Sonstiges;Bilanz;Abrechnung;service/Bilanz;setGesamt;setzeGesamt;void
Sonstiges;Bilanz;Abrechnung;service/Bilanz;setName;setzeName;void
Sonstiges;Bilanz;Abrechnung;service/Bilanz;setPosition;setzePosition;void
Sonstiges;Bilanz;Abrechnung;service/Bilanz;setPosition1;setzePosition1;void
Sonstiges;Bilanz;Abrechnung;service/Bilanz;setPosition2;setzePosition2;void
Sonstiges;Bilanz;Abrechnung;service/Bilanz;setPosition3;setzePosition3;void
Sonstiges;Bilanz;Abrechnung;service/Bilanz;setPosition4;setzePosition4;void
Sonstiges;Bilanz;Abrechnung;service/Bilanz;setPosition5;setzePosition5;void
Sonstiges;Bilanz;Abrechnung;service/Bilanz;setPosition6;setzePosition6;void
Sonstiges;Bilanz;Abrechnung;service/Bilanz;setRang;setzeRang;void
Sonstiges;BilanzService;AbrechnungService;service/BilanzService;ausgabe;gib_Ausgabe;String
Sonstiges;Bilddaten;Bildinformation;service/Bilddaten;getBildFormat;holeBildFormat;String
Sonstiges;Bilddaten;Bildinformation;service/Bilddaten;getBildLink;holeBildLink;String
Sonstiges;Bilddaten;Bildinformation;service/Bilddaten;getBildName;holeBildName;String
Sonstiges;Bilddaten;Bildinformation;service/Bilddaten;getBildUnterschrift;holeBildUnterschrift;String
Sonstiges;Bilddaten;Bildinformation;service/Bilddaten;getMediaId;holeMediaId;WordpressMedia
Sonstiges;Bilddaten;Bildinformation;service/Bilddaten;setBildDaten;setzeBildDaten;void
Sonstiges;Bilddaten;Bildinformation;service/Bilddaten;setBildLink;setzeBildLink;void
Sonstiges;Bilddaten;Bildinformation;service/Bilddaten;setBildName;setzeBildName;void
Sonstiges;Bilddaten;Bildinformation;service/Bilddaten;setBildUnterschrift;setzeBildUnterschrift;void
Sonstiges;Bilddaten;Bildinformation;service/Bilddaten;setMediaId;setzeMediaId;void
Sonstiges;DatabaseService;DatenbankenVerwaltung;service/DatabaseService;getBerichtDataFromHistorie;holeBerichtDataFromHistorie;BerichtData
Sonstiges;DatabaseService;DatenbankenVerwaltung;service/DatabaseService;getHomepageEntries;holeHomepageEntries;int
Sonstiges;DatabaseService;DatenbankenVerwaltung;service/DatabaseService;isKI;istKI;boolean
Sonstiges;DoppelErgebnis;DoppelspielerErgebnis;service/DoppelErgebnis;getMannschaft;holeMannschaft;String
Sonstiges;DoppelErgebnis;DoppelspielerErgebnis;service/DoppelErgebnis;getName;holeName;String
Sonstiges;DoppelErgebnis;DoppelspielerErgebnis;service/DoppelErgebnis;getNameAlt;holeNameAlt;String
Sonstiges;DoppelErgebnis;DoppelspielerErgebnis;service/DoppelErgebnis;getNiederlagen;holeNiederlagen;int
Sonstiges;DoppelErgebnis;DoppelspielerErgebnis;service/DoppelErgebnis;getSiege;holeSiege;int
Sonstiges;DoppelErgebnis;DoppelspielerErgebnis;service/DoppelErgebnis;setMannschaft;setzeMannschaft;void
Sonstiges;DoppelErgebnis;DoppelspielerErgebnis;service/DoppelErgebnis;setName;setzeName;void
Sonstiges;DoppelErgebnis;DoppelspielerErgebnis;service/DoppelErgebnis;setNiederlagen;setzeNiederlagen;void
Sonstiges;DoppelErgebnis;DoppelspielerErgebnis;service/DoppelErgebnis;setSiege;setzeSiege;void
Sonstiges;DynamicCssServlet;DynamischerCSS_Servlet;service/DynamicCssServlet;(keine Methoden);;
Sonstiges;EinzelErgebnis;EinzelspielerErgebnis;service/EinzelErgebnis;getMannschaft;holeMannschaft;String
Sonstiges;EinzelErgebnis;EinzelspielerErgebnis;service/EinzelErgebnis;getName;holeName;String
Sonstiges;EinzelErgebnis;EinzelspielerErgebnis;service/EinzelErgebnis;getNiederlagen;holeNiederlagen;int
Sonstiges;EinzelErgebnis;EinzelspielerErgebnis;service/EinzelErgebnis;getSiege;holeSiege;int
Sonstiges;EinzelErgebnis;EinzelspielerErgebnis;service/EinzelErgebnis;setMannschaft;setzeMannschaft;void
Sonstiges;EinzelErgebnis;EinzelspielerErgebnis;service/EinzelErgebnis;setName;setzeName;void
Sonstiges;EinzelErgebnis;EinzelspielerErgebnis;service/EinzelErgebnis;setNiederlagen;setzeNiederlagen;void
Sonstiges;EinzelErgebnis;EinzelspielerErgebnis;service/EinzelErgebnis;setSiege;setzeSiege;void
Sonstiges;EmailService;EmailVerwaltung;service/EmailService;getCcEmpfaenger;holeCcEmpfaenger;String
Sonstiges;EmailService;EmailVerwaltung;service/EmailService;getRecipients;holeRecipients;String
Sonstiges;EmailService;EmailVerwaltung;service/EmailService;setCcEmpfaenger;setzeCcEmpfaenger;void
Sonstiges;EmailService;EmailVerwaltung;service/EmailService;setRecipients;setzeRecipients;void
Sonstiges;KiAenderung;KI_AenderungsAnbieter;service/KiAenderung;getBereich_max;holeBereich_max;Integer
Sonstiges;KiAenderung;KI_AenderungsAnbieter;service/KiAenderung;getBereich_min;holeBereich_min;Integer
Sonstiges;KiAenderung;KI_AenderungsAnbieter;service/KiAenderung;getBereich_schritt;holeBereich_schritt;Integer
Sonstiges;KiAenderung;KI_AenderungsAnbieter;service/KiAenderung;getBeschreibung;holeBeschreibung;String
Sonstiges;KiAenderung;KI_AenderungsAnbieter;service/KiAenderung;getPlatzhalter;holePlatzhalter;String
Sonstiges;KiAenderung;KI_AenderungsAnbieter;service/KiAenderung;getTyp;holeTyp;String
Sonstiges;KiAenderung;KI_AenderungsAnbieter;service/KiAenderung;getWert_text;holeWert_text;String
Sonstiges;KiAenderung;KI_AenderungsAnbieter;service/KiAenderung;getWert_zahl;holeWert_zahl;Integer
Sonstiges;KiAenderung;KI_AenderungsAnbieter;service/KiAenderung;setBereich_max;setzeBereich_max;void
Sonstiges;KiAenderung;KI_AenderungsAnbieter;service/KiAenderung;setBereich_min;setzeBereich_min;void
Sonstiges;KiAenderung;KI_AenderungsAnbieter;service/KiAenderung;setBereich_schritt;setzeBereich_schritt;void
Sonstiges;KiAenderung;KI_AenderungsAnbieter;service/KiAenderung;setBeschreibung;setzeBeschreibung;void
Sonstiges;KiAenderung;KI_AenderungsAnbieter;service/KiAenderung;setPlatzhalter;setzePlatzhalter;void
Sonstiges;KiAenderung;KI_AenderungsAnbieter;service/KiAenderung;setTyp;setzeTyp;void
Sonstiges;KiAenderung;KI_AenderungsAnbieter;service/KiAenderung;setWert_text;setzeWert_text;void
Sonstiges;KiAenderung;KI_AenderungsAnbieter;service/KiAenderung;setWert_zahl;setzeWert_zahl;void
Sonstiges;KiZusammenfassenText;KI_TextZusammenfasser;service/KiZusammenfassenText;getText;holeText;String
Sonstiges;KiZusammenfassenText;KI_TextZusammenfasser;service/KiZusammenfassenText;getUeberschrift;holeUeberschrift;String
Sonstiges;KiZusammenfassenText;KI_TextZusammenfasser;service/KiZusammenfassenText;setText;setzeText;void
Sonstiges;KiZusammenfassenText;KI_TextZusammenfasser;service/KiZusammenfassenText;setUeberschrift;setzeUeberschrift;void
Sonstiges;LogEntry;ProtokollEintrag;service/LogEntry;getErgebnisLink;holeErgebnisLink;String
Sonstiges;LogEntry;ProtokollEintrag;service/LogEntry;getInfo;holeInfo;String
Sonstiges;LogEntry;ProtokollEintrag;service/LogEntry;getMail;holeMail;String
Sonstiges;LogEntry;ProtokollEintrag;service/LogEntry;getMailErfolgreich;holeMailErfolgreich;String
Sonstiges;LogEntry;ProtokollEintrag;service/LogEntry;getName;holeName;String
Sonstiges;LogEntry;ProtokollEintrag;service/LogEntry;getTimestamp;holeTimestamp;Timestamp
Sonstiges;LogEntry;ProtokollEintrag;service/LogEntry;setErgebnisLink;setzeErgebnisLink;void
Sonstiges;LogEntry;ProtokollEintrag;service/LogEntry;setInfo;setzeInfo;void
Sonstiges;LogEntry;ProtokollEintrag;service/LogEntry;setMail;setzeMail;void
Sonstiges;LogEntry;ProtokollEintrag;service/LogEntry;setMailErfolgreich;setzeMailErfolgreich;void
Sonstiges;LogEntry;ProtokollEintrag;service/LogEntry;setName;setzeName;void
Sonstiges;LogEntry;ProtokollEintrag;service/LogEntry;setTimestamp;setzeTimestamp;void
Sonstiges;Mannschaft;MannschaftsEintrag;service/Mannschaft;getBilanzenUrl;holeBilanzenUrl;String
Sonstiges;Mannschaft;MannschaftsEintrag;service/Mannschaft;getLiga;holeLiga;String
Sonstiges;Mannschaft;MannschaftsEintrag;service/Mannschaft;getLigaKurz;holeLigaKurz;String
Sonstiges;Mannschaft;MannschaftsEintrag;service/Mannschaft;getLigaUrl;holeLigaUrl;String
Sonstiges;Mannschaft;MannschaftsEintrag;service/Mannschaft;getMannschaft;holeMannschaft;String
Sonstiges;Mannschaft;MannschaftsEintrag;service/Mannschaft;getPunkte;holePunkte;String
Sonstiges;Mannschaft;MannschaftsEintrag;service/Mannschaft;getRang;holeRang;String
Sonstiges;Mannschaft;MannschaftsEintrag;service/Mannschaft;getSpielplanUrl;holeSpielplanUrl;String
Sonstiges;Mannschaft;MannschaftsEintrag;service/Mannschaft;setLiga;setzeLiga;void
Sonstiges;Mannschaft;MannschaftsEintrag;service/Mannschaft;setLigaUrl;setzeLigaUrl;void
Sonstiges;Mannschaft;MannschaftsEintrag;service/Mannschaft;setMannschaft;setzeMannschaft;void
Sonstiges;Mannschaft;MannschaftsEintrag;service/Mannschaft;setMannschaftUrl;setzeMannschaftUrl;void
Sonstiges;Mannschaft;MannschaftsEintrag;service/Mannschaft;setPunkte;setzePunkte;void
Sonstiges;Mannschaft;MannschaftsEintrag;service/Mannschaft;setRang;setzeRang;void
Sonstiges;MannschaftService;MannschaftVerwaltung;service/MannschaftService;ausgabe;gib_Ausgabe;String
Sonstiges;MannschaftService;MannschaftVerwaltung;service/MannschaftService;getMannschaften;hole_Mannschaften;void
Sonstiges;MannschaftService;MannschaftVerwaltung;service/MannschaftService;setMannschaften;setze_Mannschaften;void
Sonstiges;Spiel;Spieleintrag;service/Spiel;getBildUrl;holeBildUrl;String
Sonstiges;Spiel;Spieleintrag;service/Spiel;getDatum;holeDatum;String
Sonstiges;Spiel;Spieleintrag;service/Spiel;getErgebnis;holeErgebnis;String
Sonstiges;Spiel;Spieleintrag;service/Spiel;getErgebnisLink;holeErgebnisLink;String
Sonstiges;Spiel;Spieleintrag;service/Spiel;getGast;holeGast;String
Sonstiges;Spiel;Spieleintrag;service/Spiel;getGastEncoded;holeGastEncoded;String
Sonstiges;Spiel;Spieleintrag;service/Spiel;getHeim;holeHeim;String
Sonstiges;Spiel;Spieleintrag;service/Spiel;getHeimEncoded;holeHeimEncoded;String
Sonstiges;Spiel;Spieleintrag;service/Spiel;getLiga;holeLiga;String
Sonstiges;Spiel;Spieleintrag;service/Spiel;getLigaJugend;holeLigaJugend;String
Sonstiges;Spiel;Spieleintrag;service/Spiel;getZeit;holeZeit;String
Sonstiges;Spiel;Spieleintrag;service/Spiel;isWahl;istWahl;boolean
Sonstiges;Spiel;Spieleintrag;service/Spiel;setWahl;setzeWahl;void
Sonstiges;Spiel;Spieleintrag;service/Spiel;setZeit;setzeZeit;void
Sonstiges;SpielErgebnis;SpielErgebnisDTO;service/SpielErgebnis;getArt;holeArt;String
Sonstiges;SpielErgebnis;SpielErgebnisDTO;service/SpielErgebnis;getGast;holeGast;String
Sonstiges;SpielErgebnis;SpielErgebnisDTO;service/SpielErgebnis;getHeim;holeHeim;String
Sonstiges;SpielErgebnis;SpielErgebnisDTO;service/SpielErgebnis;getSaetze;holeSaetze;String
Sonstiges;SpielergebnisClickTTService;SpielergebnisTTKlickVerwaltung;service/SpielergebnisClickTTService;getSpielErgebnis;holeSpielErgebnis;String
Sonstiges;SpielergebnisClickTTService;SpielergebnisTTKlickVerwaltung;service/SpielergebnisClickTTService;getSummary;holeSummary;MatchSummary
Sonstiges;SpielergebnisClickTTService;SpielergebnisTTKlickVerwaltung;service/SpielergebnisClickTTService;setSummary;setzeSummary;void
Sonstiges;SpielergebnisService;SpielergebnisVerwaltung;service/SpielergebnisService;getSpielErgebnis;holeSpielErgebnis;String
Sonstiges;SpielergebnisService;SpielergebnisVerwaltung;service/SpielergebnisService;getSummary;holeSummary;MatchSummary
Sonstiges;SpielergebnisService;SpielergebnisVerwaltung;service/SpielergebnisService;setSummary;setzeSummary;void
Sonstiges;SpielplanService;SpielplanVerwaltung;service/SpielplanService;ausgabe;gib_Ausgabe;String
Sonstiges;SpielplanService;SpielplanVerwaltung;service/SpielplanService;convert;konvertiere;String
Sonstiges;SpielplanService;SpielplanVerwaltung;service/SpielplanService;generiereVorschauBericht;generiere_Vorschau_Bericht;void
Sonstiges;SpielplanService;SpielplanVerwaltung;service/SpielplanService;generierenSpielplan;generiere_Spielplan;void
Sonstiges;SpielplanServiceClick;SpielplanKlickVerwaltung;service/SpielplanServiceClick;ausgabe;gib_Ausgabe;String
Sonstiges;SpielplanServiceClick;SpielplanKlickVerwaltung;service/SpielplanServiceClick;generiereVorschauBericht;generiere_Vorschau_Bericht;void
Sonstiges;SpielplanServiceClick;SpielplanKlickVerwaltung;service/SpielplanServiceClick;generierenSpielplan;generiere_Spielplan;void
Sonstiges;SpielplanServiceClick;SpielplanKlickVerwaltung;service/SpielplanServiceClick;getFehlercode;holeFehlercode;int
Sonstiges;SpielplanServiceClick;SpielplanKlickVerwaltung;service/SpielplanServiceClick;setFehlercode;setzeFehlercode;void
Sonstiges;StatusService;StatusVerwaltung;service/StatusService;getStatus;holeStatus;Response
Sonstiges;Tabelle;TabellenEintrag;service/Tabelle;getBeg;holeBeg;String
Sonstiges;Tabelle;TabellenEintrag;service/Tabelle;getMannschaft;holeMannschaft;String
Sonstiges;Tabelle;TabellenEintrag;service/Tabelle;getNiederlagen;holeNiederlagen;String
Sonstiges;Tabelle;TabellenEintrag;service/Tabelle;getPlus;holePlus;String
Sonstiges;Tabelle;TabellenEintrag;service/Tabelle;getPunkte;holePunkte;String
Sonstiges;Tabelle;TabellenEintrag;service/Tabelle;getRang;holeRang;String
Sonstiges;Tabelle;TabellenEintrag;service/Tabelle;getSieg;holeSieg;String
Sonstiges;Tabelle;TabellenEintrag;service/Tabelle;getSpiele;holeSpiele;String
Sonstiges;Tabelle;TabellenEintrag;service/Tabelle;getTendenz;holeTendenz;String
Sonstiges;Tabelle;TabellenEintrag;service/Tabelle;getUnentschieden;holeUnentschieden;String
Sonstiges;Tabelle;TabellenEintrag;service/Tabelle;setBeg;setzeBeg;void
Sonstiges;Tabelle;TabellenEintrag;service/Tabelle;setMannschaft;setzeMannschaft;void
Sonstiges;Tabelle;TabellenEintrag;service/Tabelle;setNiederlagen;setzeNiederlagen;void
Sonstiges;Tabelle;TabellenEintrag;service/Tabelle;setPlus;setzePlus;void
Sonstiges;Tabelle;TabellenEintrag;service/Tabelle;setPunkte;setzePunkte;void
Sonstiges;Tabelle;TabellenEintrag;service/Tabelle;setRang;setzeRang;void
Sonstiges;Tabelle;TabellenEintrag;service/Tabelle;setSieg;setzeSieg;void
Sonstiges;Tabelle;TabellenEintrag;service/Tabelle;setSpiele;setzeSpiele;void
Sonstiges;Tabelle;TabellenEintrag;service/Tabelle;setTendenz;setzeTendenz;void
Sonstiges;Tabelle;TabellenEintrag;service/Tabelle;setUnentschieden;setzeUnentschieden;void
Sonstiges;TabelleService;TabellenVerwaltung;service/TabelleService;ausgabe;gib_Ausgabe;String
Sonstiges;TelegrammService;TelegrammVerwaltung;service/TelegrammService;getLatestChatId;holeLatestChatId;String
Sonstiges;WordpressMedia;WordPressMedium;service/WordpressMedia;getHtml;holeHtml;String
Sonstiges;WordpressMedia;WordPressMedium;service/WordpressMedia;getMediaId;holeMediaId;int
Sonstiges;WordpressMedia;WordPressMedium;service/WordpressMedia;getUrl;holeUrl;String
Sonstiges;ApiKIChatGPT;ChatGPT_KI_API;util/ApiKIChatGPT;getResponse;holeResponse;String
Sonstiges;ApiKIChatGPT;ChatGPT_KI_API;util/ApiKIChatGPT;isSuccessful;istSuccessful;boolean
Sonstiges;ApiKIDeepSeek;DeepSeek_KI_API;util/ApiKIDeepSeek;getResponse;holeResponse;String
Sonstiges;BerichtData;BerichtDaten;util/BerichtData;getBerichtText;holeBerichtText;String
Sonstiges;BerichtData;BerichtDaten;util/BerichtData;getBildAsString;holeBildAsString;String
Sonstiges;BerichtData;BerichtDaten;util/BerichtData;getBildUnterschrift;holeBildUnterschrift;String
Sonstiges;BerichtData;BerichtDaten;util/BerichtData;getMitSpielberichte;holeMitSpielberichte;Boolean
Sonstiges;BerichtData;BerichtDaten;util/BerichtData;getUeberschrift;holeUeberschrift;String
Sonstiges;BerichtData;BerichtDaten;util/BerichtData;isBericht;istBericht;boolean
Sonstiges;BerichtData;BerichtDaten;util/BerichtData;isBild;istBild;boolean
Sonstiges;BerichtData;BerichtDaten;util/BerichtData;setBerichtText;setzeBerichtText;void
Sonstiges;BerichtData;BerichtDaten;util/BerichtData;setBild;setzeBild;void
Sonstiges;BerichtData;BerichtDaten;util/BerichtData;setBildUnterschrift;setzeBildUnterschrift;void
Sonstiges;BerichtData;BerichtDaten;util/BerichtData;setMitSpielberichte;setzeMitSpielberichte;void
Sonstiges;BerichtData;BerichtDaten;util/BerichtData;setUeberschrift;setzeUeberschrift;void
Sonstiges;BerichtHelper;BerichtHilfsfunktionen;util/BerichtHelper;getBildUrl;holeBildUrl;String
Sonstiges;BerichtHelper;BerichtHilfsfunktionen;util/BerichtHelper;getHomepage;holeHomepage;String
Sonstiges;BerichtHelper;BerichtHilfsfunktionen;util/BerichtHelper;getHomepageStandardEinzel;holeHomepageStandardEinzel;String
Sonstiges;BerichtHelper;BerichtHilfsfunktionen;util/BerichtHelper;getHomepageStandardZusammen;holeHomepageStandardZusammen;String
Sonstiges;BerichtHelper;BerichtHilfsfunktionen;util/BerichtHelper;getHtmlText;holeHtmlText;String
Sonstiges;BerichtHelper;BerichtHilfsfunktionen;util/BerichtHelper;getLigaJugend;holeLigaJugend;String
Sonstiges;BerichtHelper;BerichtHilfsfunktionen;util/BerichtHelper;getOrt;holeOrt;String
Sonstiges;BerichtHelper;BerichtHilfsfunktionen;util/BerichtHelper;getProgrammUrl;holeProgrammUrl;String
Sonstiges;BerichtHelper;BerichtHilfsfunktionen;util/BerichtHelper;getVerein;holeVerein;String
Sonstiges;BerichtHelper;BerichtHilfsfunktionen;util/BerichtHelper;getZeitungUrl;holeZeitungUrl;String
Sonstiges;BerichtHelper;BerichtHilfsfunktionen;util/BerichtHelper;hasBericht;hatBericht;boolean
Sonstiges;BerichtHelper;BerichtHilfsfunktionen;util/BerichtHelper;hasBild;hatBild;boolean
Sonstiges;BerichtHelper;BerichtHilfsfunktionen;util/BerichtHelper;hasBlaettle;hatBlaettle;boolean
Sonstiges;BerichtHelper;BerichtHilfsfunktionen;util/BerichtHelper;hasFreigabe;hatFreigabe;boolean
Sonstiges;BerichtHelper;BerichtHilfsfunktionen;util/BerichtHelper;hasHomepage;hatHomepage;boolean
Sonstiges;ConfigEintrag;KonfigurationEintrag;util/ConfigEintrag;getEintrag;holeEintrag;String
Sonstiges;ConfigEintrag;KonfigurationEintrag;util/ConfigEintrag;getFarbe;holeFarbe;Boolean
Sonstiges;ConfigEintrag;KonfigurationEintrag;util/ConfigEintrag;getPassword;holePassword;Boolean
Sonstiges;ConfigEintrag;KonfigurationEintrag;util/ConfigEintrag;getWert;holeWert;String
Sonstiges;ConfigEintrag;KonfigurationEintrag;util/ConfigEintrag;setEintrag;setzeEintrag;void
Sonstiges;ConfigEintrag;KonfigurationEintrag;util/ConfigEintrag;setWert;setzeWert;void
Sonstiges;ConfigManager;KonfigurationVerwaltung;util/ConfigManager;getChatGptPasswort;holeChatGptPasswort;String
Sonstiges;ConfigManager;KonfigurationVerwaltung;util/ConfigManager;getConfigValue;holeConfigValue;String
Sonstiges;ConfigManager;KonfigurationVerwaltung;util/ConfigManager;getDatabasePassword;holeDatabasePassword;String
Sonstiges;ConfigManager;KonfigurationVerwaltung;util/ConfigManager;getDatabaseUrl;holeDatabaseUrl;String
Sonstiges;ConfigManager;KonfigurationVerwaltung;util/ConfigManager;getDatabaseUser;holeDatabaseUser;String
Sonstiges;ConfigManager;KonfigurationVerwaltung;util/ConfigManager;getInstance;holeInstance;ConfigManager
Sonstiges;ConfigManager;KonfigurationVerwaltung;util/ConfigManager;getMailAuth;holeMailAuth;String
Sonstiges;ConfigManager;KonfigurationVerwaltung;util/ConfigManager;getMailEmpfaenger;holeMailEmpfaenger;String
Sonstiges;ConfigManager;KonfigurationVerwaltung;util/ConfigManager;getMailHost;holeMailHost;String
Sonstiges;ConfigManager;KonfigurationVerwaltung;util/ConfigManager;getMailPassword;holeMailPassword;String
Sonstiges;ConfigManager;KonfigurationVerwaltung;util/ConfigManager;getMailPort;holeMailPort;String
Sonstiges;ConfigManager;KonfigurationVerwaltung;util/ConfigManager;getMailStarttls;holeMailStarttls;String
Sonstiges;ConfigManager;KonfigurationVerwaltung;util/ConfigManager;getMailUser;holeMailUser;String
Sonstiges;ConfigManager;KonfigurationVerwaltung;util/ConfigManager;getOrt;holeOrt;String
Sonstiges;ConfigManager;KonfigurationVerwaltung;util/ConfigManager;getSpielplanLiga;holeSpielplanLiga;String
Sonstiges;ConfigManager;KonfigurationVerwaltung;util/ConfigManager;getSpielplanURL;holeSpielplanURL;String
Sonstiges;ConfigManager;KonfigurationVerwaltung;util/ConfigManager;getSpielplanVerein;holeSpielplanVerein;String
Sonstiges;ConfigManager;KonfigurationVerwaltung;util/ConfigManager;getTelegrammToken;holeTelegrammToken;String
Sonstiges;ConfigManager;KonfigurationVerwaltung;util/ConfigManager;getWordpressValue;holeWordpressValue;String
Sonstiges;ErgebnisCache;Ergebniscache;util/ErgebnisCache;setze;setzeze;int
Sonstiges;Fehler;FehlerInformation;util/Fehler;getErklärung;holeErklärung;String
Sonstiges;Fehler;FehlerInformation;util/Fehler;getFehlerhaftesWort;holeFehlerhaftesWort;String
Sonstiges;Fehler;FehlerInformation;util/Fehler;getVorschlag;holeVorschlag;String
Sonstiges;Fehler;FehlerInformation;util/Fehler;isbutton;istbutton;boolean
Sonstiges;GPTClient;GPT_Klient;util/GPTClient;getResponse;holeResponse;String
Sonstiges;GPTClient;GPT_Klient;util/GPTClient;isSuccessful;istSuccessful;boolean
Sonstiges;ImageProcessor;BildverarbeitungService;util/ImageProcessor;(keine Methoden);;
Sonstiges;JaxRsActivator;JAX_RS_Aktivator;util/JaxRsActivator;(keine Methoden);;
Sonstiges;KiText;KI_Textgenerator;util/KiText;getKiText;holeKiText;String
Sonstiges;KiText;KI_Textgenerator;util/KiText;getVariante;holeVariante;String
Sonstiges;KiText;KI_Textgenerator;util/KiText;setKiText;setzeKiText;void
Sonstiges;KiText;KI_Textgenerator;util/KiText;setVariante;setzeVariante;void
Sonstiges;MatchErgebnis;WettkampfErgebnis;util/MatchErgebnis;getBerichtSpieler;holeBerichtSpieler;String
Sonstiges;MatchErgebnis;WettkampfErgebnis;util/MatchErgebnis;getGast;holeGast;String
Sonstiges;MatchErgebnis;WettkampfErgebnis;util/MatchErgebnis;getGesamt;holeGesamt;String
Sonstiges;MatchErgebnis;WettkampfErgebnis;util/MatchErgebnis;getGewinner;holeGewinner;String
Sonstiges;MatchErgebnis;WettkampfErgebnis;util/MatchErgebnis;getHeim;holeHeim;String
Sonstiges;MatchErgebnis;WettkampfErgebnis;util/MatchErgebnis;getPosition;holePosition;String
Sonstiges;MatchErgebnis;WettkampfErgebnis;util/MatchErgebnis;getS1;holeS1;String
Sonstiges;MatchErgebnis;WettkampfErgebnis;util/MatchErgebnis;getS2;holeS2;String
Sonstiges;MatchErgebnis;WettkampfErgebnis;util/MatchErgebnis;getS3;holeS3;String
Sonstiges;MatchErgebnis;WettkampfErgebnis;util/MatchErgebnis;getS4;holeS4;String
Sonstiges;MatchErgebnis;WettkampfErgebnis;util/MatchErgebnis;getS5;holeS5;String
Sonstiges;MatchErgebnis;WettkampfErgebnis;util/MatchErgebnis;getSaetze;holeSaetze;String
Sonstiges;MatchErgebnis;WettkampfErgebnis;util/MatchErgebnis;isBerichtSpielerHatGewonnen;istBerichtSpielerHatGewonnen;boolean
Sonstiges;MatchErgebnis;WettkampfErgebnis;util/MatchErgebnis;setBerichtSpieler;setzeBerichtSpieler;void
Sonstiges;MatchErgebnis;WettkampfErgebnis;util/MatchErgebnis;setBerichtSpielerHatGewonnen;setzeBerichtSpielerHatGewonnen;void
Sonstiges;MatchErgebnis;WettkampfErgebnis;util/MatchErgebnis;setGast;setzeGast;void
Sonstiges;MatchErgebnis;WettkampfErgebnis;util/MatchErgebnis;setGesamt;setzeGesamt;void
Sonstiges;MatchErgebnis;WettkampfErgebnis;util/MatchErgebnis;setGewinner;setzeGewinner;void
Sonstiges;MatchErgebnis;WettkampfErgebnis;util/MatchErgebnis;setHeim;setzeHeim;void
Sonstiges;MatchErgebnis;WettkampfErgebnis;util/MatchErgebnis;setPosition;setzePosition;void
Sonstiges;MatchErgebnis;WettkampfErgebnis;util/MatchErgebnis;setS1;setzeS1;void
Sonstiges;MatchErgebnis;WettkampfErgebnis;util/MatchErgebnis;setS2;setzeS2;void
Sonstiges;MatchErgebnis;WettkampfErgebnis;util/MatchErgebnis;setS3;setzeS3;void
Sonstiges;MatchErgebnis;WettkampfErgebnis;util/MatchErgebnis;setS4;setzeS4;void
Sonstiges;MatchErgebnis;WettkampfErgebnis;util/MatchErgebnis;setS5;setzeS5;void
Sonstiges;MatchErgebnis;WettkampfErgebnis;util/MatchErgebnis;setSaetze;setzeSaetze;void
Sonstiges;MatchSummary;WettkampfZusammenfassung;util/MatchSummary;getErgebnis;holeErgebnis;String
Sonstiges;MatchSummary;WettkampfZusammenfassung;util/MatchSummary;getGastmannschaft;holeGastmannschaft;String
Sonstiges;MatchSummary;WettkampfZusammenfassung;util/MatchSummary;getHeimmannschaft;holeHeimmannschaft;String
Sonstiges;MatchSummary;WettkampfZusammenfassung;util/MatchSummary;getSpielBeginn;holeSpielBeginn;String
Sonstiges;MatchSummary;WettkampfZusammenfassung;util/MatchSummary;getSpielEnde;holeSpielEnde;String
Sonstiges;MatchSummary;WettkampfZusammenfassung;util/MatchSummary;setErgebnis;setzeErgebnis;void
Sonstiges;MatchSummary;WettkampfZusammenfassung;util/MatchSummary;setGastmannschaft;setzeGastmannschaft;void
Sonstiges;MatchSummary;WettkampfZusammenfassung;util/MatchSummary;setHeimmannschaft;setzeHeimmannschaft;void
Sonstiges;MatchSummary;WettkampfZusammenfassung;util/MatchSummary;setSpielBeginn;setzeSpielBeginn;void
Sonstiges;MatchSummary;WettkampfZusammenfassung;util/MatchSummary;setSpielEnde;setzeSpielEnde;void
Sonstiges;MatchSummary;WettkampfZusammenfassung;util/MatchSummary;setSpiele;setzeSpiele;void
Sonstiges;OpenAIModelFetcher;OpenAI_Modellabholer;util/OpenAIModelFetcher;setModelNames;setzeModelNames;void
Sonstiges;SpielMapped;GemapptesSpiel;util/SpielMapped;getDatum;holeDatum;String
Sonstiges;SpielMapped;GemapptesSpiel;util/SpielMapped;getErgebnis;holeErgebnis;String
Sonstiges;SpielMapped;GemapptesSpiel;util/SpielMapped;getGast;holeGast;String
Sonstiges;SpielMapped;GemapptesSpiel;util/SpielMapped;getHeim;holeHeim;String
Sonstiges;SpielMapped;GemapptesSpiel;util/SpielMapped;getKommentar;holeKommentar;String
Sonstiges;SpielMapped;GemapptesSpiel;util/SpielMapped;getLiga;holeLiga;String
Sonstiges;SpielMapped;GemapptesSpiel;util/SpielMapped;getPunkteGast;holePunkteGast;String
Sonstiges;SpielMapped;GemapptesSpiel;util/SpielMapped;getPunkteHeim;holePunkteHeim;String
Sonstiges;SpielMapped;GemapptesSpiel;util/SpielMapped;getSieger;holeSieger;String
Sonstiges;SpielMapped;GemapptesSpiel;util/SpielMapped;getVerlierer;holeVerlierer;String
Sonstiges;SpielMapped;GemapptesSpiel;util/SpielMapped;setDatum;setzeDatum;void
Sonstiges;SpielMapped;GemapptesSpiel;util/SpielMapped;setErgebnis;setzeErgebnis;void
Sonstiges;SpielMapped;GemapptesSpiel;util/SpielMapped;setGast;setzeGast;void
Sonstiges;SpielMapped;GemapptesSpiel;util/SpielMapped;setHeim;setzeHeim;void
Sonstiges;SpielMapped;GemapptesSpiel;util/SpielMapped;setKommentar;setzeKommentar;void
Sonstiges;SpielMapped;GemapptesSpiel;util/SpielMapped;setLiga;setzeLiga;void
Sonstiges;SpielMapped;GemapptesSpiel;util/SpielMapped;setPunkteGast;setzePunkteGast;void
Sonstiges;SpielMapped;GemapptesSpiel;util/SpielMapped;setPunkteHeim;setzePunkteHeim;void
Sonstiges;SpielMapped;GemapptesSpiel;util/SpielMapped;setSieger;setzeSieger;void
Sonstiges;SpielMapped;GemapptesSpiel;util/SpielMapped;setVerlierer;setzeVerlierer;void
Sonstiges;Spielbericht;BerichtInformation;util/Spielbericht;getErklaerung;holeErklaerung;String
Sonstiges;Spielbericht;BerichtInformation;util/Spielbericht;getStilversion;holeStilversion;String
Sonstiges;Spielbericht;BerichtInformation;util/Spielbericht;getText;holeText;String
Sonstiges;Spielbericht;BerichtInformation;util/Spielbericht;getUeberschrift;holeUeberschrift;String
Sonstiges;Spielbericht;BerichtInformation;util/Spielbericht;getVariante;holeVariante;String
Sonstiges;Spielbericht;BerichtInformation;util/Spielbericht;setErklaerung;setzeErklaerung;void
Sonstiges;Spielbericht;BerichtInformation;util/Spielbericht;setStilversion;setzeStilversion;void
Sonstiges;Spielbericht;BerichtInformation;util/Spielbericht;setText;setzeText;void
Sonstiges;Spielbericht;BerichtInformation;util/Spielbericht;setUeberschrift;setzeUeberschrift;void
Sonstiges;Spielbericht;BerichtInformation;util/Spielbericht;setVariante;setzeVariante;void
Sonstiges;Stil;StilDefinition;util/Stil;(keine Methoden);;
Sonstiges;WebCache;WebseiteCache;util/WebCache;getPage;holePage;Document
Sonstiges;WordPressAPIClient;WordPressAPIKlient;util/WordPressAPIClient;approveComment;genehmige_Kommentar;void
Sonstiges;WordPressAPIClient;WordPressAPIKlient;util/WordPressAPIClient;createPost;erstelle_Post;int
Sonstiges;WordPressAPIClient;WordPressAPIKlient;util/WordPressAPIClient;getCategoryIdByName;hole_Kategorie_ID_nach_Name;String
Sonstiges;WordPressAPIClient;WordPressAPIKlient;util/WordPressAPIClient;getFehler;holeFehler;int
Sonstiges;WordPressAPIClient;WordPressAPIKlient;util/WordPressAPIClient;markCommentAsSpam;markiere_Kommentar_als_Spam;void
Sonstiges;WordPressAPIClient;WordPressAPIKlient;util/WordPressAPIClient;sanitizeJsonResponse;bereinige_JSON_Antwort;String
Sonstiges;WordPressAPIClient;WordPressAPIKlient;util/WordPressAPIClient;setFehler;setzeFehler;void
Sonstiges;WordPressAPIClient;WordPressAPIKlient;util/WordPressAPIClient;trashComment;verschiebe_Kommentar_in_Papierkorb;void
Sonstiges;WordPressAPIClient;WordPressAPIKlient;util/WordPressAPIClient;uploadMedia;hochladen_Medium;WordpressMedia
Sonstiges;WordPressAPIClient;WordPressAPIKlient;util/WordPressAPIClient;uploadMediaAndInsertIntoPost;hochladen_Medium_und_einfuegen;WordpressMedia
Sonstiges;WpComment;WordPressKommentar;util/WpComment;getAuthorName;holeAuthorName;String
Sonstiges;WpComment;WordPressKommentar;util/WpComment;getContent;holeContent;String
Sonstiges;WpComment;WordPressKommentar;util/WpComment;getDate;holeDate;String
Sonstiges;WpComment;WordPressKommentar;util/WpComment;getId;holeId;int
Sonstiges;WpComment;WordPressKommentar;util/WpComment;getPost;holePost;int
Sonstiges;WpComment;WordPressKommentar;util/WpComment;getPostId;holePostId;long
Sonstiges;WpComment;WordPressKommentar;util/WpComment;getStatus;holeStatus;String
Sonstiges;WpComment;WordPressKommentar;util/WpComment;setAuthorName;setzeAuthorName;void
Sonstiges;WpComment;WordPressKommentar;util/WpComment;setContent;setzeContent;void
Sonstiges;WpComment;WordPressKommentar;util/WpComment;setDate;setzeDate;void
Sonstiges;WpComment;WordPressKommentar;util/WpComment;setId;setzeId;void
Sonstiges;WpComment;WordPressKommentar;util/WpComment;setPost;setzePost;void
Sonstiges;WpComment;WordPressKommentar;util/WpComment;setPostId;setzePostId;void
Sonstiges;WpComment;WordPressKommentar;util/WpComment;setStatus;setzeStatus;void
